Sno,variables_Batch,variables,Type,Module
1,COUNT_3_DPD_60_90_D,COUNT_3_DPD_60_90_D,Numerical,PERFORMANCE
2,RATIO_COUNT_CREDITS_FULLY_RECOVERED_LAST30D_COUNT_CREDITS_FULLY_RECOVERED_90TO120D,RATIO_COUNT_CREDITS_FULLY_RECOVERED_LAST30D_COUNT_CREDITS_FULLY_RECOVERED_90TO120D,Numerical,Transaction
3,COUNT_0_DPD_45_60_D,COUNT_0_DPD_45_60_D,Numerical,PERFORMANCE
4,MAX_DPD_60_90_D,MAX_DPD_60_90_D,Numerical,PERFORMANCE
5,RATIO_COUNT_CREDITS_FULLY_RECOVERED_LAST30D_COUNT_CREDITS_FULLY_RECOVERED_300TO330D,RATIO_COUNT_CREDITS_FULLY_RECOVERED_LAST30D_COUNT_CREDITS_FULLY_RECOVERED_300TO330D,Numerical,Transaction
6,DISTINCT_BANKS_EMI_OVERDUE_LAST_30D,DISTINCT_BANKS_EMI_OVERDUE_LAST_30D,Numerical,SMS
7,COUNT_0_DPD_60_90_D,COUNT_0_DPD_60_90_D,Numerical,PERFORMANCE
8,MAX_DPD_90_120_D,MAX_DPD_90_120_D,Numerical,PERFORMANCE
9,COUNT_0_DPD_30_45_D,COUNT_0_DPD_30_45_D,Numerical,PERFORMANCE
10,NUM_UNIQUE_LOAN_OVERDUE_30D_SMS_BANKING,NUM_UNIQUE_LOAN_OVERDUE_30D,Numerical,SMS
11,NUM_NACH_BOUNCES_120D_SMS_BANKING,NUM_NACH_BOUNCES_120D,Numerical,SMS
12,MAX_DPD_150_180_D,MAX_DPD_150_180_D,Numerical,PERFORMANCE
13,NUM_NACH_BOUNCES_90D_SMS_BANKING,NUM_NACH_BOUNCES_90D,Numerical,SMS
14,NUM_LOAN_REJECTION_SMS_LAST_30D,NUM_LOAN_REJECTION_LAST_30D,Numerical,SMS
15,RATIO_COUNT_CREDITS_FULLY_RECOVERED_30TO60D_COUNT_CREDITS_FULLY_RECOVERED_330TO360D,RATIO_COUNT_CREDITS_FULLY_RECOVERED_30TO60D_COUNT_CREDITS_FULLY_RECOVERED_330TO360D,Numerical,Transaction
16,MAX_DAYS_PAST_DUE_ACTIVE_UNSECURED_450_TO_480_DAYS,MAX_DAYS_PAST_DUE_ACTIVE_UNSECURED_450_TO_480_DAYS,Numerical,BUREAU
17,RATIO_COUNT_CREDITS_FULLY_RECOVERED_LAST30D_COUNT_CREDITS_FULLY_RECOVERED_60TO90D,RATIO_COUNT_CREDITS_FULLY_RECOVERED_LAST30D_COUNT_CREDITS_FULLY_RECOVERED_60TO90D,Numerical,Transaction
18,MAX_REPAYMENT_TENURE_SECURED_P50,MAX_REPAYMENT_TENURE_SECURED_P50,Numerical,LOCATION
19,AVG_AVAILABLE_BALANCE_LAST30D_SMS_BANKING,AVG_AVAILABLE_BALANCE_LAST30D,Numerical,SMS
20,TOTAL_HIGHEST_CREDIT_OR_ORIGINAL_LOAN_AMOUNT_UNSECURED_P25,TOTAL_HIGHEST_CREDIT_OR_ORIGINAL_LOAN_AMOUNT_UNSECURED_P25,Numerical,LOCATION
21,MIN_AVAILABLE_LIMIT_LAST30D_CC_SMS_BANKING,MIN_CREDIT_CARD_AVAILABLE_LIMIT_LAST30D,Numerical,SMS
22,MIN_CURRENT_BALANCE_ACTIVE_MAX,MIN_CURRENT_BALANCE_ACTIVE_MAX,Numerical,LOCATION
23,OUTSTANDING_BALANCE_ALL_MIN,OUTSTANDING_BALANCE_ALL_MIN,Numerical,LOCATION
24,DISTINCT_BANKS_EMI_OVERDUE_60TO90D,DISTINCT_BANKS_EMI_OVERDUE_60TO90D,Numerical,SMS
25,DISTINCT_BANKS_EMI_OVERDUE_30TO60D,DISTINCT_BANKS_EMI_OVERDUE_30TO60D,Numerical,SMS
26,MAX_DAYS_PAST_DUE_ACTIVE_UNSECURED_360_TO_390_DAYS,MAX_DAYS_PAST_DUE_ACTIVE_UNSECURED_360_TO_390_DAYS,Numerical,BUREAU
27,MAX_OVERDUE_AMOUNT_30TO60D,MAX_OVERDUE_AMOUNT_30TO60D,Numerical,SMS
28,AVG_AMOUNT_PAST_DUE_UNSECURED_AND_ACTIVE,AVG_AMOUNT_PAST_DUE_UNSECURED_AND_ACTIVE,Numerical,BUREAU
29,RATIO_COUNT_CREDITS_FULLY_RECOVERED_LAST30D_COUNT_CREDITS_FULLY_RECOVERED_210TO240D,RATIO_COUNT_CREDITS_FULLY_RECOVERED_LAST30D_COUNT_CREDITS_FULLY_RECOVERED_210TO240D,Numerical,Transaction
30,MAX_DPD_45_60_D,MAX_DPD_45_60_D,Numerical,PERFORMANCE
31,NUM_PAYMENTPAYNOWCLICK_31_TO_60_D,NUM_PAYMENTPAYNOWCLICK_31_TO_60_D,Numerical,ACTIVITY
32,MAX_DAYS_PAST_DUE_ACTIVE_UNSECURED_570_TO_600_DAYS,MAX_DAYS_PAST_DUE_ACTIVE_UNSECURED_570_TO_600_DAYS,Numerical,BUREAU
33,TIMES_DPD_GT_30_LAST_660_DAYS,TIMES_DPD_GT_30_LAST_660_DAYS,Numerical,BUREAU
34,DISTINCT_BANKS_WITH_LOAN_REJECTED_60TO90D,DISTINCT_BANKS_WITH_LOAN_REJECTED_60TO90D,Numerical,SMS
35,NUM_CLICKED_BUTTON___SAVE_NEW_TRANSACTION_31_TO_60_D,NUM_CLICKED_BUTTON___SAVE_NEW_TRANSACTION_31_TO_60_D,Numerical,ACTIVITY
36,TOTAL_AVAILABLE_BALANCE_LAST30D_SMS_BANKING,TOTAL_AVAILABLE_BALANCE_LAST30D,Numerical,SMS
37,TOTAL_AMOUNT_PAST_DUE_UNSECURED,TOTAL_AMOUNT_PAST_DUE_UNSECURED,Numerical,BUREAU
38,TOTAL_OVERDUE_AMOUNT_LAST_30D,TOTAL_OVERDUE_AMOUNT_LAST_30D,Numerical,SMS
39,COUNT_2_DPD_210_270_D,COUNT_2_DPD_210_270_D,Numerical,PERFORMANCE
40,MAX_DPD_120_150_D,MAX_DPD_120_150_D,Numerical,PERFORMANCE
41,MAX_DAYS_PAST_DUE_ACTIVE_UNSECURED_330_TO_360_DAYS,MAX_DAYS_PAST_DUE_ACTIVE_UNSECURED_330_TO_360_DAYS,Numerical,BUREAU
42,RATIO_COUNT_DEBIT_WEEK_OF_MONTH_FIRST_TRXNS_LAST30D_COUNT_DEBIT_WEEK_OF_MONTH_FIRST_TRXNS_120TO150D,RATIO_COUNT_DEBIT_WEEK_OF_MONTH_FIRST_TRXNS_LAST30D_COUNT_DEBIT_WEEK_OF_MONTH_FIRST_TRXNS_120TO150D,Numerical,Transaction
43,RATIO_COUNT_CREDITS_FULLY_RECOVERED_LAST30D_COUNT_CREDITS_FULLY_RECOVERED_30TO60D,RATIO_COUNT_CREDITS_FULLY_RECOVERED_LAST30D_COUNT_CREDITS_FULLY_RECOVERED_30TO60D,Numerical,Transaction
44,NUM_LOAN_REJECTION_SMS_30TO60D,NUM_LOAN_REJECTION_30TO60D,Numerical,SMS
45,COUNT_4_DPD_210_270_D,COUNT_4_DPD_210_270_D,Numerical,PERFORMANCE
46,MAX_AVAILABLE_LIMIT_LAST30D_CC_SMS_BANKING,MAX_CREDIT_CARD_AVAILABLE_LIMIT_LAST30D,Numerical,SMS
47,DISTINCT_BANKS_WITH_LOAN_REJECTED_LAST_30D,DISTINCT_BANKS_WITH_LOAN_REJECTED_LAST_30D,Numerical,SMS
48,TOTAL_AMOUNT_PAST_DUE_ACTIVE,TOTAL_AMOUNT_PAST_DUE_ACTIVE,Numerical,BUREAU
49,MIN_CURRENT_BALANCE_ACTIVE_P25,MIN_CURRENT_BALANCE_ACTIVE_P25,Numerical,LOCATION
50,MAX_DAYS_PAST_DUE_90_TO_120_DAYS,MAX_DAYS_PAST_DUE_90_TO_120_DAYS,Numerical,BUREAU
51,COUNT_0_DPD_120_150_D,COUNT_0_DPD_120_150_D,Numerical,PERFORMANCE
52,NUM_CUSTOMERKHATAONGOTCLICKED_1_TO_30_D,NUM_CUSTOMERKHATAONGOTCLICKED_1_TO_30_D,Numerical,ACTIVITY
53,MIN_CREDIT_RECOVERED_LAST30D,MIN_CREDIT_RECOVERED_LAST30D,Numerical,Transaction
54,RATIO_COUNT_CREDITS_FULLY_RECOVERED_LAST30D_COUNT_CREDITS_FULLY_RECOVERED_330TO360D,RATIO_COUNT_CREDITS_FULLY_RECOVERED_LAST30D_COUNT_CREDITS_FULLY_RECOVERED_330TO360D,Numerical,Transaction
55,RATIO_COUNT_CREDITS_FULLY_RECOVERED_LAST30D_COUNT_CREDITS_FULLY_RECOVERED_150TO180D,RATIO_COUNT_CREDITS_FULLY_RECOVERED_LAST30D_COUNT_CREDITS_FULLY_RECOVERED_150TO180D,Numerical,Transaction
56,TOTAL_OVERDUE_AMOUNT_30TO60D,TOTAL_OVERDUE_AMOUNT_30TO60D,Numerical,SMS
57,NUM_DEBIT_TXNS_LESSTHAN_100_LAST30D_SMS_BANKING,NUM_DEBIT_TXNS_LESSTHAN_100_LAST30D,Numerical,SMS
58,MIN_AVAILABLE_BALANCE_LAST30D_SMS_BANKING,MIN_AVAILABLE_BALANCE_LAST30D,Numerical,SMS
59,MIN_AVAILABLE_BALANCE_60TO90D_SMS_BANKING,MIN_AVAILABLE_BALANCE_60TO90D,Numerical,SMS
60,RATIO_COUNT_CREDIT_TIME_OF_DAY_MORNING_TRXNS_30TO60D_COUNT_CREDIT_TIME_OF_DAY_MORNING_TRXNS_120TO150D,RATIO_COUNT_CREDIT_TIME_OF_DAY_MORNING_TRXNS_30TO60D_COUNT_CREDIT_TIME_OF_DAY_MORNING_TRXNS_120TO150D,Numerical,Transaction
61,AVG_AMOUNT_PAST_DUE_ACTIVE,AVG_AMOUNT_PAST_DUE_ACTIVE,Numerical,BUREAU
62,RATIO_AVG_CREDIT_WEEK_OF_MONTH_FIRST_TRXNS_LAST30D_AVG_CREDIT_WEEK_OF_MONTH_THIRD_TRXNS_LAST30D,RATIO_AVG_CREDIT_WEEK_OF_MONTH_FIRST_TRXNS_LAST30D_AVG_CREDIT_WEEK_OF_MONTH_THIRD_TRXNS_LAST30D,Numerical,Transaction
63,MAX_DAYS_PAST_DUE_UNSECURED_120_TO_150_DAYS,MAX_DAYS_PAST_DUE_UNSECURED_120_TO_150_DAYS,Numerical,BUREAU
64,AVG_AMOUNT_PAST_DUE_UNSECURED,UNSECURED_AMOUNT_PAST_DUE_AVG,Numerical,BUREAU
65,COUNT_0_DPD_90_120_D,COUNT_0_DPD_90_120_D,Numerical,PERFORMANCE
66,MAX_DAYS_SINCE_LAST_PAYMENT_ACTIVE_MIN,MAX_DAYS_SINCE_LAST_PAYMENT_ACTIVE_MIN,Numerical,LOCATION
67,MAX_DPD_30_45_D,MAX_DPD_30_45_D,Numerical,PERFORMANCE
68,MIN_DAYS_SINCE_LAST_PAYMENT_ACTIVE_AVG,MIN_DAYS_SINCE_LAST_PAYMENT_ACTIVE_AVG,Numerical,LOCATION
69,MIN_AVAILABLE_BALANCE_120TO150D_SMS_BANKING,MIN_AVAILABLE_BALANCE_120TO150D,Numerical,SMS
70,NUM_PAYMENTPAYNOWCLICK_61_TO_90_D,NUM_PAYMENTPAYNOWCLICK_61_TO_90_D,Numerical,ACTIVITY
71,AVG_HIGHEST_CREDIT_OR_ORIGINAL_LOAN_AMOUNT_UNSECURED_P95,AVG_HIGHEST_CREDIT_OR_ORIGINAL_LOAN_AMOUNT_UNSECURED_P95,Numerical,LOCATION
72,AVG_HIGHEST_CREDIT_OR_ORIGINAL_LOAN_AMOUNT_UNSECURED_AND_CLOSED_P10,AVG_HIGHEST_CREDIT_OR_ORIGINAL_LOAN_AMOUNT_UNSECURED_AND_CLOSED_P10,Numerical,LOCATION
73,MAX_DAYS_PAST_DUE_UNSECURED_630_TO_660_DAYS,MAX_DAYS_PAST_DUE_UNSECURED_630_TO_660_DAYS,Numerical,BUREAU
74,MIN_CURRENT_BALANCE_ACTIVE_P90,MIN_CURRENT_BALANCE_ACTIVE_P90,Numerical,LOCATION
75,MIN_CURRENT_BALANCE_ACTIVE_MIN,MIN_CURRENT_BALANCE_ACTIVE_MIN,Numerical,LOCATION
76,COUNT_4_DPD_30_45_D,COUNT_4_DPD_30_45_D,Numerical,PERFORMANCE
77,TOTAL_CREDIT_COUNT_BANK_TRANSFER_LAST30D_SMS_BANKING,TOTAL_CREDIT_COUNT_BANK_TRANSFER_LAST30D,Numerical,SMS
78,RATIO_AVG_DEBIT_AMOUNT_AVG_CDT_AMT_LAST30D_SMS_BANKING,RATIO_AVG_DEBIT_AMOUNT_AVG_CDT_AMT_LAST30D,Numerical,SMS
79,COUNT_3_DPD_150_180_D,COUNT_3_DPD_150_180_D,Numerical,PERFORMANCE
80,NUM_CLICKED_BUTTON___SAVE_NEW_TRANSACTION_1_TO_30_D,NUM_CLICKED_BUTTON___SAVE_NEW_TRANSACTION_1_TO_30_D,Numerical,ACTIVITY
81,NUM_AVAILABLE_BALANCE_60TO90D_SMS_BANKING,NUM_AVAILABLE_BALANCE_60DTO90D,Numerical,SMS
82,NUM_LOAN_REJECTION_SMS_60TO90D,NUM_LOAN_REJECTION_60TO90D,Numerical,SMS
83,CREDIT_RECOVERED_61TO90_LAST30D,CREDIT_RECOVERED_61TO90_LAST30D,Numerical,Transaction
84,MIN_CURRENT_BALANCE_ACTIVE_TOTAL,MIN_CURRENT_BALANCE_ACTIVE_TOTAL,Numerical,LOCATION
85,MAX_DAYS_PAST_DUE_ACTIVE_60_TO_90_DAYS,MAX_DAYS_PAST_DUE_ACTIVE_60_TO_90_DAYS,Numerical,BUREAU
86,MIN_AVAILABLE_BALANCE_30TO60D_SMS_BANKING,MIN_AVAILABLE_BALANCE_30TO60D,Numerical,SMS
87,RATIO_COUNT_CREDITS_FULLY_RECOVERED_30TO60D_COUNT_CREDITS_FULLY_RECOVERED_300TO330D,RATIO_COUNT_CREDITS_FULLY_RECOVERED_30TO60D_COUNT_CREDITS_FULLY_RECOVERED_300TO330D,Numerical,Transaction
88,MAX_DAYS_PAST_DUE_ACTIVE_UNSECURED_150_TO_180_DAYS,MAX_DAYS_PAST_DUE_ACTIVE_UNSECURED_150_TO_180_DAYS,Numerical,BUREAU
89,NUM_AVAILABLE_BALANCE_LAST30D_SMS_BANKING,NUM_AVAILABLE_BALANCE_LAST30D,Numerical,SMS
90,MAX_DAYS_SINCE_LAST_PAYMENT_ACTIVE_P10,MAX_DAYS_SINCE_LAST_PAYMENT_ACTIVE_P10,Numerical,LOCATION
91,COUNT_2_DPD_120_150_D,COUNT_2_DPD_120_150_D,Numerical,PERFORMANCE
92,MAX_OVERDUE_AMOUNT_LAST_30D,MAX_OVERDUE_AMOUNT_LAST_30D,Numerical,SMS
93,NUM_CREDIT_CARD_OVERDUE_30D_SMS_BANKING,NUM_CREDIT_CARD_OVERDUE_30D,Numerical,SMS
94,COUNT_3_DPD_210_270_D,COUNT_3_DPD_210_270_D,Numerical,PERFORMANCE
95,COUNT_2_DPD_90_120_D,COUNT_2_DPD_90_120_D,Numerical,PERFORMANCE
96,NUM_SMS_WITH_OVERDUE_AMOUNT_60TO90D,NUM_OVERDUE_AMOUNT_60TO90D,Numerical,SMS
97,MAX_HIGHEST_CREDIT_OR_ORIGINAL_LOAN_AMOUNT_SECURED_AND_ACTIVE_MIN,MAX_HIGHEST_CREDIT_OR_ORIGINAL_LOAN_AMOUNT_SECURED_AND_ACTIVE_MIN,Numerical,LOCATION
98,RATIO_TOTAL_DEBIT_COUNT_BANK_TRANSFER_LAST30D_VS_60TO90D_SMS_BANKING,RATIO_TOTAL_DEBIT_COUNT_BANK_TRANSFER_LAST30D_VS_60TO90D,Numerical,SMS
99,NUM_LOAN_OVERDUE_30D_SMS_BANKING,NUM_LOAN_OVERDUE_30D,Numerical,SMS
100,BUREAUSCORE_P25,BUREAUSCORE_P25,Numerical,LOCATION
101,CUSTOMERS_WITH_NUM_CREDIT_TXNS_100_TO_500_LAST30D_BETWEEN_0_5,CUSTOMERS_WITH_NUM_CREDIT_TXNS_100_TO_500_LAST30D_BETWEEN_0_5,Numerical,Transaction
102,COUNT_2_DPD_60_90_D,COUNT_2_DPD_60_90_D,Numerical,PERFORMANCE
103,NUM_LOAN_DEFAULT_90D_SMS_BANKING,NUM_LOAN_DEFAULT_90D,Numerical,SMS
104,RATIO_COUNT_DEBIT_WEEK_OF_MONTH_FIRST_TRXNS_LAST30D_COUNT_DEBIT_WEEK_OF_MONTH_SECOND_TRXNS_150TO180D,RATIO_COUNT_DEBIT_WEEK_OF_MONTH_FIRST_TRXNS_LAST30D_COUNT_DEBIT_WEEK_OF_MONTH_SECOND_TRXNS_150TO180D,Numerical,Transaction
105,NUM_CUSTOMERKHATAONGAVECLICKED_91_TO_120_D,NUM_CUSTOMERKHATAONGAVECLICKED_91_TO_120_D,Numerical,ACTIVITY
106,TOTAL_AVAILABLE_BALANCE_60TO90D_SMS_BANKING,TOTAL_AVAILABLE_BALANCE_60TO90D,Numerical,SMS
107,NUM_CREDIT_TXNS_30D_SMS_BANKING,NUM_CREDIT_TXNS_30D,Numerical,SMS
108,MIN_AVAILABLE_LIMIT_30TO60D_CC_SMS_BANKING,MIN_CREDIT_CARD_AVAILABLE_LIMIT_30TO60D,Numerical,SMS
109,NUM_CREDIT_TXNS_2000_TO_5000_LAST30D_SMS_BANKING,NUM_CREDIT_TXNS_2000_TO_5000_LAST30D,Numerical,SMS
110,RATIO_AVG_DEBIT_AMOUNT_AVG_CDT_AMT_30TO60D_SMS_BANKING,RATIO_AVG_DEBIT_AMOUNT_AVG_CDT_AMT_30TO60D,Numerical,SMS
111,NUM_CHEQUE_BOUNCES_120D_SMS_BANKING,NUM_CHEQUE_BOUNCES_120D,Numerical,SMS
112,DISTINCT_BANKS_WITH_LOAN_APPLIED_LAST_30D,DISTINCT_BANKS_WITH_LOAN_APPLIED_LAST_30D,Numerical,SMS
113,NUM_SMS_WITH_OVERDUE_AMOUNT_30TO60D,NUM_OVERDUE_AMOUNT_30TO60D,Numerical,SMS
114,MAX_DAYS_PAST_DUE_ACTIVE_UNSECURED_630_TO_660_DAYS,MAX_DAYS_PAST_DUE_ACTIVE_UNSECURED_630_TO_660_DAYS,Numerical,BUREAU
115,DISTINCT_BANKS_WITH_LOAN_REJECTED_90TO120D,DISTINCT_BANKS_WITH_LOAN_REJECTED_90TO120D,Numerical,SMS
116,NUM_PAYMENTPAYNOWCLICK_91_TO_120_D,NUM_PAYMENTPAYNOWCLICK_91_TO_120_D,Numerical,ACTIVITY
117,MAX_REPAYMENT_TENURE_SECURED_P75,MAX_REPAYMENT_TENURE_SECURED_P75,Numerical,LOCATION
118,DISTINCT_BANKS_EMI_OVERDUE_90TO120D,DISTINCT_BANKS_EMI_OVERDUE_90TO120D,Numerical,SMS
119,TOTAL_HIGHEST_CREDIT_OR_ORIGINAL_LOAN_AMOUNT_UNSECURED_AND_CLOSED_MIN,TOTAL_HIGHEST_CREDIT_OR_ORIGINAL_LOAN_AMOUNT_UNSECURED_AND_CLOSED_MIN,Numerical,LOCATION
120,MAX_DAYS_PAST_DUE_ACTIVE_UNSECURED_690_TO_720_DAYS,MAX_DAYS_PAST_DUE_ACTIVE_UNSECURED_690_TO_720_DAYS,Numerical,BUREAU
121,NUM_CLICKED_BUTTON___SAVE_NEW_TRANSACTION_121_TO_150_D,NUM_CLICKED_BUTTON___SAVE_NEW_TRANSACTION_121_TO_150_D,Numerical,ACTIVITY
122,MAX_DAYS_PAST_DUE_ACTIVE_UNSECURED_60_TO_90_DAYS,MAX_DAYS_PAST_DUE_ACTIVE_UNSECURED_60_TO_90_DAYS,Numerical,BUREAU
123,COUNT_0_DPD_150_180_D,COUNT_0_DPD_150_180_D,Numerical,PERFORMANCE
124,MAX_DAYS_PAST_DUE_CLOSED_360_TO_390_DAYS,MAX_DAYS_PAST_DUE_CLOSED_360_TO_390_DAYS,Numerical,BUREAU
125,NUM_CLICKED_BUTTON___SAVE_NEW_TRANSACTION_151_TO_180_D,NUM_CLICKED_BUTTON___SAVE_NEW_TRANSACTION_151_TO_180_D,Numerical,ACTIVITY
126,TOTAL_DEBIT_AMOUNT_30TO60D_SMS_BANKING,TOTAL_DEBIT_AMOUNT_30TO60D,Numerical,SMS
127,COUNT_2_DPD_150_180_D,COUNT_2_DPD_150_180_D,Numerical,PERFORMANCE
128,MIN_DAYS_SINCE_LAST_PAYMENT_ACTIVE_TOTAL,MIN_DAYS_SINCE_LAST_PAYMENT_ACTIVE_TOTAL,Numerical,LOCATION
129,AVG_CREDIT_TXNS_LAST30D_CC_SMS_BANKING,AVG_CREDIT_CARD_CREDIT_TXNS_LAST30D,Numerical,SMS
130,TOTAL_AVAILABLE_BALANCE_90TO120D_SMS_BANKING,TOTAL_AVAILABLE_BALANCE_90TO120D,Numerical,SMS
131,NUM_CUSTOMERKHATAONGOTCLICKED_31_TO_60_D,NUM_CUSTOMERKHATAONGOTCLICKED_31_TO_60_D,Numerical,ACTIVITY
132,RATIO_CREDIT_GIVEN_LAST30D_CREDIT_RECOVERED_LAST30D,RATIO_CREDIT_GIVEN_LAST30D_CREDIT_RECOVERED_LAST30D,Numerical,Transaction
133,RATIO_AVG_DEBIT_AMOUNT_AVG_CDT_AMT_60TO90D_SMS_BANKING,RATIO_AVG_DEBIT_AMOUNT_AVG_CDT_AMT_60TO90D,Numerical,SMS
134,NUM_NOCOUNTERPARTYPAYMENTCOMPLETED_1_TO_30_D,NUM_NOCOUNTERPARTYPAYMENTCOMPLETED_1_TO_30_D,Numerical,ACTIVITY
135,AVG_DEBIT_AMOUNT_LAST30D_SMS_BANKING,AVG_DEBIT_AMOUNT_LAST30D,Numerical,SMS
136,MIN_CURRENT_BALANCE,CURRENT_BALANCE_MIN,Numerical,BUREAU
137,RATIO_CREDIT_RECOVERED_61TO90_LAST30D_CREDIT_RECOVERED_61TO90_LIFETIME,RATIO_CREDIT_RECOVERED_61TO90_LAST30D_CREDIT_RECOVERED_61TO90_LIFETIME,Numerical,Transaction
138,NUM_DEBIT_TXNS_LESSTHAN_100_30TO60D_SMS_BANKING,NUM_DEBIT_TXNS_LESSTHAN_100_30TO60D,Numerical,SMS
139,NUM_CLICKED_BUTTON___SAVE_NEW_TRANSACTION_91_TO_120_D,NUM_CLICKED_BUTTON___SAVE_NEW_TRANSACTION_91_TO_120_D,Numerical,ACTIVITY
140,MIN_AVAILABLE_BALANCE_150TO180D_SMS_BANKING,MIN_AVAILABLE_BALANCE_150TO180D,Numerical,SMS
141,RATIO_CREDIT_RECOVERED_0TO90_LAST30D_CREDIT_RECOVERED_0TO90_330TO360D,RATIO_CREDIT_RECOVERED_0TO90_LAST30D_CREDIT_RECOVERED_0TO90_330TO360D,Numerical,Transaction
142,RATIO_COUNT_CREDIT_WEEK_OF_MONTH_FIRST_TRXNS_120TO150D_COUNT_CREDIT_WEEK_OF_MONTH_SECOND_TRXNS_30TO60D,RATIO_COUNT_CREDIT_WEEK_OF_MONTH_FIRST_TRXNS_120TO150D_COUNT_CREDIT_WEEK_OF_MONTH_SECOND_TRXNS_30TO60D,Numerical,Transaction
143,TOTAL_CREDIT_AMOUNT_LAST30D_CC_SMS_BANKING,TOTAL_CREDIT_CARD_CREDIT_AMOUNT_LAST30D,Numerical,SMS
144,AVG_CDT_AMT_LAST30D_CC_SMS_BANKING,AVG_CREDIT_CARD_CDT_AMT_LAST30D,Numerical,SMS
145,TOTAL_AVAILABLE_BALANCE_30TO60D_SMS_BANKING,TOTAL_AVAILABLE_BALANCE_30TO60D,Numerical,SMS
146,NUM_AVAILABLE_BALANCE_120TO150D_SMS_BANKING,NUM_AVAILABLE_BALANCE_120DTO150D,Numerical,SMS
147,COUNT_4_DPD_150_180_D,COUNT_4_DPD_150_180_D,Numerical,PERFORMANCE
148,TIMES_DPD_GT_30_LAST_720_DAYS,TIMES_DPD_GT_30_LAST_720_DAYS,Numerical,BUREAU
149,TOTAL_DEBIT_COUNT_BANK_TRANSFER_30TO60D_SMS_BANKING,TOTAL_DEBIT_COUNT_BANK_TRANSFER_30TO60D,Numerical,SMS
150,TOTAL_HIGHEST_CREDIT_OR_ORIGINAL_LOAN_AMOUNT_CLOSED,TOTAL_HIGHEST_CREDIT_OR_ORIGINAL_LOAN_AMOUNT_CLOSED,Numerical,BUREAU
151,MAX_DAYS_PAST_DUE_ACTIVE_UNSECURED_180_TO_210_DAYS,MAX_DAYS_PAST_DUE_ACTIVE_UNSECURED_180_TO_210_DAYS,Numerical,BUREAU
152,COUNT_6_DPD_60_90_D,COUNT_6_DPD_60_90_D,Numerical,PERFORMANCE
153,NUM_NACH_BOUNCES_60D_SMS_BANKING,NUM_NACH_BOUNCES_60D,Numerical,SMS
154,MAX_DAYS_PAST_DUE_UNSECURED_90_TO_120_DAYS,MAX_DAYS_PAST_DUE_UNSECURED_90_TO_120_DAYS,Numerical,BUREAU
155,TOTAL_OVERDUE_AMOUNT_90TO120D,TOTAL_OVERDUE_AMOUNT_90TO120D,Numerical,SMS
156,MAX_DPD_180_210_D,MAX_DPD_180_210_D,Numerical,PERFORMANCE
157,MAX_DPD_210_270_D,MAX_DPD_210_270_D,Numerical,PERFORMANCE
158,MAX_DAYS_SINCE_LAST_PAYMENT_ACTIVE_P50,MAX_DAYS_SINCE_LAST_PAYMENT_ACTIVE_P50,Numerical,LOCATION
159,ACCOUNT_OPENED_IN_LAST_120_DAYS_WITH_AMOUNT_LT_50000,ACCOUNT_OPENED_IN_LAST_120_DAYS_WITH_AMOUNT_LT_50000,Numerical,BUREAU
160,AVG_HIGHEST_CREDIT_OR_ORIGINAL_LOAN_AMOUNT_UNSECURED_AND_CLOSED_AVG,AVG_HIGHEST_CREDIT_OR_ORIGINAL_LOAN_AMOUNT_UNSECURED_AND_CLOSED_AVG,Numerical,LOCATION
161,RATIO_COUNT_DAYS_TO_RECOVER_10_20_LAST30D_COUNT_DAYS_TO_RECOVER_10_20_120TO150D,RATIO_COUNT_DAYS_TO_RECOVER_10_20_LAST30D_COUNT_DAYS_TO_RECOVER_10_20_120TO150D,Numerical,Transaction
162,ACCOUNT_OPENED_IN_LAST_120_DAYS,ACCOUNT_OPENED_IN_LAST_120_DAYS,Numerical,BUREAU
163,NUM_MAINMONEYCLICK_151_TO_180_D,NUM_MAINMONEYCLICK_151_TO_180_D,Numerical,ACTIVITY
164,MAX_DAYS_PAST_DUE_60_TO_90_DAYS,MAX_DAYS_PAST_DUE_60_TO_90_DAYS,Numerical,BUREAU
165,DISTINCT_BANKS_WITH_LOAN_APPLIED_120TO150D,DISTINCT_BANKS_WITH_LOAN_APPLIED_120TO150D,Numerical,SMS
166,AVG_CURRENT_BALANCE,CURRENT_BALANCE_AVG,Numerical,BUREAU
167,NUM_SMS_WITH_OVERDUE_AMOUNT_90TO120D,NUM_OVERDUE_AMOUNT_90TO120D,Numerical,SMS
168,MAX_DAYS_PAST_DUE_ACTIVE_630_TO_660_DAYS,MAX_DAYS_PAST_DUE_ACTIVE_630_TO_660_DAYS,Numerical,BUREAU
169,TOTAL_DEBIT_AMOUNT_LAST30D_SMS_BANKING,TOTAL_DEBIT_AMOUNT_LAST30D,Numerical,SMS
170,MAX_DPD_15_30_D,MAX_DPD_15_30_D,Numerical,PERFORMANCE
171,COUNT_1_DPD_60_90_D,COUNT_1_DPD_60_90_D,Numerical,PERFORMANCE
172,RATIO_NUM_DEBIT_TXNS_5000_TO_10000_LAST30D_VS_30TO60D_SMS_BANKING,RATIO_NUM_DEBIT_TXNS_5000_TO_10000_LAST30D_VS_30TO60D,Numerical,SMS
173,MIN_CURRENT_BALANCE_SECURED,MIN_CURRENT_BALANCE_SECURED,Numerical,BUREAU
174,RATIO_COUNT_DEBIT_WEEK_OF_MONTH_FOURTH_TRXNS_30TO60D_COUNT_DEBIT_WEEK_OF_MONTH_FOURTH_TRXNS_150TO180D,RATIO_COUNT_DEBIT_WEEK_OF_MONTH_FOURTH_TRXNS_30TO60D_COUNT_DEBIT_WEEK_OF_MONTH_FOURTH_TRXNS_150TO180D,Numerical,Transaction
175,MAX_DAYS_PAST_DUE_UNSECURED_300_TO_330_DAYS,MAX_DAYS_PAST_DUE_UNSECURED_300_TO_330_DAYS,Numerical,BUREAU
176,COUNT_CREDITS_NOT_RECOVERED_LAST30D,COUNT_CREDITS_NOT_RECOVERED_LAST30D,Numerical,Transaction
177,RATIO_AVG_CREDIT_WEEK_OF_MONTH_SECOND_TRXNS_LAST30D_AVG_CREDIT_WEEK_OF_MONTH_THIRD_TRXNS_30TO60D,RATIO_AVG_CREDIT_WEEK_OF_MONTH_SECOND_TRXNS_LAST30D_AVG_CREDIT_WEEK_OF_MONTH_THIRD_TRXNS_30TO60D,Numerical,Transaction
178,COUNT_0_DPD_15_30_D,COUNT_0_DPD_15_30_D,Numerical,PERFORMANCE
179,MAX_DAYS_PAST_DUE_ACTIVE_UNSECURED_120_TO_150_DAYS,MAX_DAYS_PAST_DUE_ACTIVE_UNSECURED_120_TO_150_DAYS,Numerical,BUREAU
180,MIN_CURRENT_BALANCE_ACTIVE,MIN_CURRENT_BALANCE_ACTIVE,Numerical,BUREAU
181,NUM_CREDIT_TXNS_GREATERTHAN_10000_LAST30D_SMS_BANKING,NUM_CREDIT_TXNS_GREATERTHAN_10000_LAST30D,Numerical,SMS
182,AVG_OVERDUE_AMOUNT_30TO60D,AVG_OVERDUE_AMOUNT_30TO60D,Numerical,SMS
183,RATIO_OF_DISTINCT_BANKS_WITH_LOAN_APPLIED_LAST_30D_TO_30TO60D,RATIO_DISTINCT_BANKS_WITH_LOAN_APPLIED_LAST_30D_TO_30TO60D,Numerical,SMS
184,NUM_MAINSHOWHOMESCREENKYUBOTTOMSHEET_151_TO_180_D,NUM_MAINSHOWHOMESCREENKYUBOTTOMSHEET_151_TO_180_D,Numerical,ACTIVITY
185,BUREAUSCORE,CREDIT_SCORE,Numerical,BUREAU
186,AVG_CREDIT_PAIDBACK_LAST30D,AVG_CREDIT_PAIDBACK_LAST30D,Numerical,Transaction
187,COUNT_4_DPD_120_150_D,COUNT_4_DPD_120_150_D,Numerical,PERFORMANCE
188,NUM_PAYOUTSETTLED_1_TO_30_D,NUM_PAYOUTSETTLED_1_TO_30_D,Numerical,ACTIVITY
189,MIN_AVAILABLE_BALANCE_90TO120D_SMS_BANKING,MIN_AVAILABLE_BALANCE_90TO120D,Numerical,SMS
190,NUM_CREDIT_TXNS_500_TO_2000_LAST30D_SMS_BANKING,NUM_CREDIT_TXNS_500_TO_2000_LAST30D,Numerical,SMS
191,NUM_PAYMENTPAYNOWCLICK_1_TO_30_D,NUM_PAYMENTPAYNOWCLICK_1_TO_30_D,Numerical,ACTIVITY
192,NUM_LOAN_APPLICATION_SMS_LAST_30D,NUM_LOAN_APPLIED_LAST_30D,Numerical,SMS
193,RATIO_COUNT_CREDIT_WEEK_OF_MONTH_FOURTH_TRXNS_30TO60D_COUNT_CREDIT_WEEK_OF_MONTH_FOURTH_TRXNS_60TO90D,RATIO_COUNT_CREDIT_WEEK_OF_MONTH_FOURTH_TRXNS_30TO60D_COUNT_CREDIT_WEEK_OF_MONTH_FOURTH_TRXNS_60TO90D,Numerical,Transaction
194,RATIO_AVG_DEBIT_AMOUNT_LAST30D_VS_30TO60D_CC_SMS_BANKING,RATIO_CREDIT_CARD_AVG_DEBIT_AMOUNT_LAST30D_VS_30TO60D,Numerical,SMS
195,RATIO_CREDIT_TAKEN_LIFETIME_CREDIT_PAIDBACK_LIFETIME,RATIO_CREDIT_TAKEN_LIFETIME_CREDIT_PAIDBACK_LIFETIME,Numerical,Transaction
196,COUNT_5_DPD_60_90_D,COUNT_5_DPD_60_90_D,Numerical,PERFORMANCE
197,BUREAUSCORE_P10,BUREAUSCORE_P10,Numerical,LOCATION
198,RATIO_MAX_DEBIT_AMOUNT_LAST30D_VS_30TO60D_CC_SMS_BANKING,RATIO_CREDIT_CARD_MAX_DEBIT_AMOUNT_LAST30D_VS_30TO60D,Numerical,SMS
199,AVG_CURRENT_BALANCE_ACTIVE,AVG_CURRENT_BALANCE_ACTIVE,Numerical,BUREAU
200,AVG_DEBIT_AMOUNT_LAST30D_CC_SMS_BANKING,AVG_CREDIT_CARD_DEBIT_AMOUNT_LAST30D,Numerical,SMS
201,AVG_AMOUNT_PAST_DUE,AMOUNT_PAST_DUE_AVG,Numerical,BUREAU
202,TOTAL_HIGHEST_CREDIT_OR_ORIGINAL_LOAN_AMOUNT_SECURED_AND_CLOSED,TOTAL_HIGHEST_CREDIT_OR_ORIGINAL_LOAN_AMOUNT_SECURED_AND_CLOSED,Numerical,BUREAU
203,RATIO_COUNT_DEBIT_WEEKDAY_TYPE_WEEKEND_TRXNS_LAST30D_COUNT_DEBIT_WEEKDAY_TYPE_WEEKEND_TRXNS_120TO150D,RATIO_COUNT_DEBIT_WEEKDAY_TYPE_WEEKEND_TRXNS_LAST30D_COUNT_DEBIT_WEEKDAY_TYPE_WEEKEND_TRXNS_120TO150D,Numerical,Transaction
204,RATIO_NUM_DEBIT_TXNS_NUM_CREDIT_TXNS_LAST30D_SMS_BANKING,RATIO_NUM_DEBIT_TXNS_NUM_CREDIT_TXNS_LAST30D,Numerical,SMS
205,NUM_SMS_150D_SMS_BANKING,NUM_SMS_150D,Numerical,SMS
206,NUM_PAYOUTCREATED_151_TO_180_D,NUM_PAYOUTCREATED_151_TO_180_D,Numerical,ACTIVITY
207,AVG_CREDIT_RECOVERED_LAST30D,AVG_CREDIT_RECOVERED_LAST30D,Numerical,Transaction
208,COUNT_0_DPD_0_15_D,COUNT_0_DPD_0_15_D,Numerical,PERFORMANCE
209,TOTAL_DEBIT_COUNT_ATM_LAST30D_SMS_BANKING,TOTAL_DEBIT_COUNT_ATM_LAST30D,Numerical,SMS
210,MAX_DAYS_PAST_DUE_240_TO_270_DAYS_NOT_NULL_COUNT,MAX_DAYS_PAST_DUE_240_TO_270_DAYS_NOT_NULL_COUNT,Numerical,LOCATION
211,CREDIT_ACCOUNT_CLOSED,CREDIT_ACCOUNT_CLOSED,Numerical,BUREAU
212,MAX_DAYS_SINCE_LAST_PAYMENT_ACTIVE_AND_UNSECURED,MAX_DAYS_SINCE_LAST_PAYMENT_ACTIVE_AND_UNSECURED,Numerical,BUREAU
213,NUM_MAINMONEYCLICK_31_TO_60_D,NUM_MAINMONEYCLICK_31_TO_60_D,Numerical,ACTIVITY
214,MAX_DAYS_PAST_DUE_150_TO_180_DAYS,MAX_DAYS_PAST_DUE_150_TO_180_DAYS,Numerical,BUREAU
215,MAX_DAYS_PAST_DUE_UNSECURED_60_TO_90_DAYS,MAX_DAYS_PAST_DUE_UNSECURED_60_TO_90_DAYS,Numerical,BUREAU
216,MAX_DAYS_PAST_DUE_UNSECURED_690_TO_720_DAYS,MAX_DAYS_PAST_DUE_UNSECURED_690_TO_720_DAYS,Numerical,BUREAU
217,RATIO_CREDIT_GIVEN_LIFETIME_CREDIT_RECOVERED_LIFETIME,RATIO_CREDIT_GIVEN_LIFETIME_CREDIT_RECOVERED_LIFETIME,Numerical,Transaction
218,NUM_SMS_WITH_OVERDUE_AMOUNT_LAST_30D,NUM_OVERDUE_AMOUNT_LAST_30D,Numerical,SMS
219,RATIO_AVG_DEBIT_WEEK_OF_MONTH_THIRD_TRXNS_120TO150D_AVG_DEBIT_WEEK_OF_MONTH_FIFTH_TRXNS_30TO60D,RATIO_AVG_DEBIT_WEEK_OF_MONTH_THIRD_TRXNS_120TO150D_AVG_DEBIT_WEEK_OF_MONTH_FIFTH_TRXNS_30TO60D,Numerical,Transaction
220,NUM_CLICKED_BUTTON___SAVE_NEW_CUSTOMER_1_TO_30_D,NUM_CLICKED_BUTTON___SAVE_NEW_CUSTOMER_1_TO_30_D,Numerical,ACTIVITY
221,NUM_PAYOUTCREATED_31_TO_60_D,NUM_PAYOUTCREATED_31_TO_60_D,Numerical,ACTIVITY
222,MAX_CDT_AMT_LAST30D_CC_SMS_BANKING,MAX_CREDIT_CARD_CDT_AMT_LAST30D,Numerical,SMS
223,RATIO_OF_MAX_OVERDUE_AMOUNT_LAST_30D_TO_30TO60D,RATIO_MAX_OVERDUE_AMOUNT_LAST_30D_TO_30TO60D,Numerical,SMS
224,ACCOUNT_OPENED_IN_LAST_180_DAYS_WITH_AMOUNT_LT_50000,ACCOUNT_OPENED_IN_LAST_180_DAYS_WITH_AMOUNT_LT_50000,Numerical,BUREAU
225,MIN_REPAYMENT_TENURE,MIN_REPAYMENT_TENURE,Numerical,BUREAU
226,ACCOUNT_OPENED_IN_LAST_180_DAYS,ACCOUNT_OPENED_IN_LAST_180_DAYS,Numerical,BUREAU
227,RATIO_TOTAL_CREDIT_AMOUNT_BANK_TRANSFER_LAST30D_VS_90TO120D_SMS_BANKING,RATIO_TOTAL_CREDIT_AMOUNT_BANK_TRANSFER_LAST30D_VS_90TO120D,Numerical,SMS
228,NUM_MAINBILLSCLICK_151_TO_180_D,NUM_MAINBILLSCLICK_151_TO_180_D,Numerical,ACTIVITY
229,TOTAL_DEBIT_AMOUNT_LAST30D_CC_SMS_BANKING,TOTAL_CREDIT_CARD_DEBIT_AMOUNT_LAST30D,Numerical,SMS
230,MAX_DAYS_PAST_DUE_UNSECURED_150_TO_180_DAYS,MAX_DAYS_PAST_DUE_UNSECURED_150_TO_180_DAYS,Numerical,BUREAU
231,RATIO_TOTAL_CREDIT_COUNT_BANK_TRANSFER_LAST30D_VS_60TO90D_SMS_BANKING,RATIO_TOTAL_CREDIT_COUNT_BANK_TRANSFER_LAST30D_VS_60TO90D,Numerical,SMS
232,RATIO_OF_MAX_OVERDUE_AMOUNT_LAST_30D_TO_60TO90D,RATIO_MAX_OVERDUE_AMOUNT_LAST_30D_TO_60TO90D,Numerical,SMS
233,RATIO_OF_AVG_OVERDUE_AMOUNT_LAST_30D_TO_60TO90D,RATIO_AVG_OVERDUE_AMOUNT_LAST_30D_TO_60TO90D,Numerical,SMS
234,TOTAL_AMOUNT_PAST_DUE_UNSECURED_AND_ACTIVE_NOT_NULL_COUNT,TOTAL_AMOUNT_PAST_DUE_UNSECURED_AND_ACTIVE_NOT_NULL_COUNT,Numerical,LOCATION
235,NUM_SMS_180D_SMS_BANKING,NUM_SMS_180D,Numerical,SMS
236,COUNT_2_DPD_45_60_D,COUNT_2_DPD_45_60_D,Numerical,PERFORMANCE
237,CREDIT_PAIDBACK_0TO90_LAST30D,CREDIT_PAIDBACK_0TO90_LAST30D,Numerical,Transaction
238,RATIO_AVG_DEBIT_AMOUNT_AVG_CDT_AMT_120TO150D_SMS_BANKING,RATIO_AVG_DEBIT_AMOUNT_AVG_CDT_AMT_120TO150D,Numerical,SMS
239,RATIO_NUM_DEBIT_TXNS_LESSTHAN_100_NUM_CREDIT_TXNS_LESSTHAN_100_60TO90D_SMS_BANKING,RATIO_NUM_DEBIT_TXNS_LESSTHAN_100_NUM_CREDIT_TXNS_LESSTHAN_100_60TO90D,Numerical,SMS
240,COUNT_1_DPD_120_150_D,COUNT_1_DPD_120_150_D,Numerical,PERFORMANCE
241,NUM_CREDIT_TXNS_LAST30D_CC_SMS_BANKING,NUM_CREDIT_CARD_CREDIT_TXNS_LAST30D,Numerical,SMS
242,RATIO_AVG_CREDIT_WEEK_OF_MONTH_FIRST_TRXNS_120TO150D_AVG_CREDIT_WEEK_OF_MONTH_THIRD_TRXNS_60TO90D,RATIO_AVG_CREDIT_WEEK_OF_MONTH_FIRST_TRXNS_120TO150D_AVG_CREDIT_WEEK_OF_MONTH_THIRD_TRXNS_60TO90D,Numerical,Transaction
243,RATIO_CREDIT_GIVEN_90TO120D_CREDIT_RECOVERED_90TO120D,RATIO_CREDIT_GIVEN_90TO120D_CREDIT_RECOVERED_90TO120D,Numerical,Transaction
244,RATIO_NUM_DEBIT_TXNS_NUM_CREDIT_TXNS_30TO60D_SMS_BANKING,RATIO_NUM_DEBIT_TXNS_NUM_CREDIT_TXNS_30TO60D,Numerical,SMS
245,RATIO_CREDIT_TAKEN_LAST30D_CREDIT_PAIDBACK_LAST30D,RATIO_CREDIT_TAKEN_LAST30D_CREDIT_PAIDBACK_LAST30D,Numerical,Transaction
246,NUM_DEBIT_TXNS_LESSTHAN_100_60TO90D_SMS_BANKING,NUM_DEBIT_TXNS_LESSTHAN_100_60TO90D,Numerical,SMS
247,MAX_DAYS_PAST_DUE_210_TO_240_DAYS,MAX_DAYS_PAST_DUE_210_TO_240_DAYS,Numerical,BUREAU
248,NUM_MAINMONEYCLICK_91_TO_120_D,NUM_MAINMONEYCLICK_91_TO_120_D,Numerical,ACTIVITY
249,MIN_CREDIT_PAIDBACK_LAST30D,MIN_CREDIT_PAIDBACK_LAST30D,Numerical,Transaction
250,MIN_DAYS_SINCE_LAST_PAYMENT_ACTIVE_P90,MIN_DAYS_SINCE_LAST_PAYMENT_ACTIVE_P90,Numerical,LOCATION
251,PERC_CUSTOMERS_WITH_NUM_TRXNS_WITH_DESCRIPTION_LAST30D_BETWEEN_0_5,PERC_CUSTOMERS_WITH_NUM_TRXNS_WITH_DESCRIPTION_LAST30D_BETWEEN_0_5,Numerical,Transaction
252,UNSECURED_ACCOUNT_OPENED_IN_LAST_180_DAYS_WITH_AMOUNT_GT_50000,UNSECURED_ACCOUNT_OPENED_IN_LAST_180_DAYS_WITH_AMOUNT_GT_50000,Numerical,BUREAU
253,TOTAL_REPAYMENT_TENURE_UNSECURED_P90,TOTAL_REPAYMENT_TENURE_UNSECURED_P90,Numerical,LOCATION
254,RATIO_COUNT_CREDITS_NOT_RECOVERED_60TO90D_COUNT_CREDITS_NOT_RECOVERED_LIFETIME,RATIO_COUNT_CREDITS_NOT_RECOVERED_60TO90D_COUNT_CREDITS_NOT_RECOVERED_LIFETIME,Numerical,Transaction
255,RATIO_NUM_CREDIT_TXNS_5000_TO_10000_LAST30D_VS_120TO150D_CC_SMS_BANKING,RATIO_CREDIT_CARD_NUM_CREDIT_TXNS_5000_TO_10000_LAST30D_VS_120TO150D,Numerical,SMS
256,MAX_AVAILABLE_BALANCE_LAST30D_SMS_BANKING,MAX_AVAILABLE_BALANCE_LAST30D,Numerical,SMS
257,ACCOUNT_OPENED_IN_LAST_180_DAYS_WITH_AMOUNT_LT_100000,ACCOUNT_OPENED_IN_LAST_180_DAYS_WITH_AMOUNT_LT_100000,Numerical,BUREAU
258,TOTAL_REPAYMENT_TENURE_UNSECURED,UNSECURED_TERMS_DURATION_TOTAL,Numerical,BUREAU
259,COUNT_2_DPD_15_30_D,COUNT_2_DPD_15_30_D,Numerical,PERFORMANCE
260,RATIO_TOTAL_DEBIT_COUNT_BANK_TRANSFER_LAST30D_VS_30TO60D_SMS_BANKING,RATIO_TOTAL_DEBIT_COUNT_BANK_TRANSFER_LAST30D_VS_30TO60D,Numerical,SMS
261,NUM_CREDIT_TXNS_60TO90D_CC_SMS_BANKING,NUM_CREDIT_CARD_CREDIT_TXNS_60TO90D,Numerical,SMS
262,TOTAL_CREDIT_AMOUNT_30D_SMS_BANKING,TOTAL_CREDIT_AMOUNT_30D,Numerical,SMS
263,TOTAL_OVERDUE_AMOUNT_120TO150D,TOTAL_OVERDUE_AMOUNT_120TO150D,Numerical,SMS
264,MAX_HIGHEST_CREDIT_OR_ORIGINAL_LOAN_AMOUNT,HIGHEST_CREDIT_OR_ORIGINAL_LOAN_AMOUNT_MAX,Numerical,BUREAU
265,MAX_DAYS_PAST_DUE_ACTIVE_30_TO_60_DAYS,MAX_DAYS_PAST_DUE_ACTIVE_30_TO_60_DAYS,Numerical,BUREAU
266,RATIO_AVG_DEBIT_AMOUNT_AVG_CDT_AMT_90TO120D_SMS_BANKING,RATIO_AVG_DEBIT_AMOUNT_AVG_CDT_AMT_90TO120D,Numerical,SMS
267,TOTAL_CREDIT_AMOUNT_LAST30D_SMS_BANKING,TOTAL_CREDIT_AMOUNT_LAST30D,Numerical,SMS
268,AVG_LOAN_REPAYMENT_AMOUNT_90TO120D,AVG_LOAN_REPAYMENT_AMOUNT_90TO120D,Numerical,SMS
269,COUNT_3_DPD_90_120_D,COUNT_3_DPD_90_120_D,Numerical,PERFORMANCE
270,RATIO_OF_DISTINCT_BANKS_EMI_OVERDUE_LAST_30D_TO_30TO60D,RATIO_DISTINCT_BANKS_EMI_OVERDUE_LAST_30D_TO_30TO60D,Numerical,SMS
271,TOTAL_AVAILABLE_BALANCE_150TO180D_SMS_BANKING,TOTAL_AVAILABLE_BALANCE_150TO180D,Numerical,SMS
272,CUSTOMERS_WITH_NUM_CREDIT_TXNS_100_TO_500_90TO120D_BETWEEN_0_5,CUSTOMERS_WITH_NUM_CREDIT_TXNS_100_TO_500_90TO120D_BETWEEN_0_5,Numerical,Transaction
273,ACCOUNT_OPENED_IN_LAST_120_DAYS_WITH_AMOUNT_LT_100000,ACCOUNT_OPENED_IN_LAST_120_DAYS_WITH_AMOUNT_LT_100000,Numerical,BUREAU
274,MAX_DAYS_PAST_DUE_UNSECURED_330_TO_360_DAYS,MAX_DAYS_PAST_DUE_UNSECURED_330_TO_360_DAYS,Numerical,BUREAU
275,NUM_SMS_WITH_DUE_AMOUNT_LAST_30D,NUM_SMS_WITH_DUE_AMOUNT_LAST_30D,Numerical,SMS
276,TOTAL_OVERDUE_AMOUNT_60TO90D,TOTAL_OVERDUE_AMOUNT_60TO90D,Numerical,SMS
277,RATIO_AVG_CDT_AMT_LAST30D_VS_60TO90D_CC_SMS_BANKING,RATIO_CREDIT_CARD_AVG_CDT_AMT_LAST30D_VS_60TO90D,Numerical,SMS
278,NUM_MAINSHOWBOOKS_151_TO_180_D,NUM_MAINSHOWBOOKS_151_TO_180_D,Numerical,ACTIVITY
279,RATIO_CREDIT_GIVEN_60TO90D_CREDIT_GIVEN_330TO360D,RATIO_CREDIT_GIVEN_60TO90D_CREDIT_GIVEN_330TO360D,Numerical,Transaction
280,RATIO_TOTAL_DEBIT_AMOUNT_BANK_TRANSFER_LAST30D_VS_30TO60D_SMS_BANKING,RATIO_TOTAL_DEBIT_AMOUNT_BANK_TRANSFER_LAST30D_VS_30TO60D,Numerical,SMS
281,NUM_MAINBILLSCLICK_91_TO_120_D,NUM_MAINBILLSCLICK_91_TO_120_D,Numerical,ACTIVITY
282,COUNT_7_DPD_60_90_D,COUNT_7_DPD_60_90_D,Numerical,PERFORMANCE
283,TOTAL_REPAYMENT_TENURE_UNSECURED_TOTAL,TOTAL_REPAYMENT_TENURE_UNSECURED_TOTAL,Numerical,LOCATION
284,RATIO_OF_MAX_OVERDUE_AMOUNT_LAST_30D_TO_90TO120D,RATIO_MAX_OVERDUE_AMOUNT_LAST_30D_TO_90TO120D,Numerical,SMS
285,NUM_MAINMONEYCLICK_61_TO_90_D,NUM_MAINMONEYCLICK_61_TO_90_D,Numerical,ACTIVITY
286,RATIO_COUNT_CREDIT_WEEKDAY_TYPE_WEEKDAY_TRXNS_30TO60D_COUNT_CREDIT_WEEKDAY_TYPE_WEEKDAY_TRXNS_60TO90D,RATIO_COUNT_CREDIT_WEEKDAY_TYPE_WEEKDAY_TRXNS_30TO60D_COUNT_CREDIT_WEEKDAY_TYPE_WEEKDAY_TRXNS_60TO90D,Numerical,Transaction
287,NUM_CUSTOMERKHATAONGAVECLICKED_121_TO_150_D,NUM_CUSTOMERKHATAONGAVECLICKED_121_TO_150_D,Numerical,ACTIVITY
288,NUM_KHATAREQUESTMONEYCLICK_61_TO_90_D,NUM_KHATAREQUESTMONEYCLICK_61_TO_90_D,Numerical,ACTIVITY
289,UNSECURED_ACCOUNT_OPENED_IN_LAST_180_DAYS_WITH_AMOUNT_GT_100000,UNSECURED_ACCOUNT_OPENED_IN_LAST_180_DAYS_WITH_AMOUNT_GT_100000,Numerical,BUREAU
290,RATIO_OF_DISTINCT_BANKS_LOAN_REPAYMENT_LAST_30D_TO_30TO60D,RATIO_DISTINCT_BANKS_LOAN_REPAYMENT_LAST_30D_TO_30TO60D,Numerical,SMS
291,AVG_HIGHEST_CREDIT_OR_ORIGINAL_LOAN_AMOUNT_UNSECURED,AVG_HIGHEST_CREDIT_OR_ORIGINAL_LOAN_AMOUNT_UNSECURED,Numerical,BUREAU
292,RATIO_COUNT_CREDITS_FULLY_RECOVERED_60TO90D_COUNT_CREDITS_FULLY_RECOVERED_330TO360D,RATIO_COUNT_CREDITS_FULLY_RECOVERED_60TO90D_COUNT_CREDITS_FULLY_RECOVERED_330TO360D,Numerical,Transaction
293,COUNT_2_DPD_30_45_D,COUNT_2_DPD_30_45_D,Numerical,PERFORMANCE
294,NUM_CREDITSCOREFETCHSUCCESS_61_TO_90_D,NUM_CREDITSCOREFETCHSUCCESS_61_TO_90_D,Numerical,ACTIVITY
295,MAX_OVERDUE_AMOUNT_90TO120D,MAX_OVERDUE_AMOUNT_90TO120D,Numerical,SMS
296,NUM_PAYOUTCREATED_1_TO_30_D,NUM_PAYOUTCREATED_1_TO_30_D,Numerical,ACTIVITY
297,RATIO_TOTAL_CREDIT_AMOUNT_BANK_TRANSFER_LAST30D_VS_30TO60D_SMS_BANKING,RATIO_TOTAL_CREDIT_AMOUNT_BANK_TRANSFER_LAST30D_VS_30TO60D,Numerical,SMS
298,RATIO_AVG_AVAILABLE_BALANCE_LAST30D_VS_60TO90D_SMS_BANKING,RATIO_AVG_AVAILABLE_BALANCE_LAST30D_VS_60TO90D,Numerical,SMS
299,ACCOUNT_OPENED_IN_LAST_360_DAYS_WITH_AMOUNT_GT_100000,ACCOUNT_OPENED_IN_LAST_360_DAYS_WITH_AMOUNT_GT_100000,Numerical,BUREAU
300,MAX_DAYS_PAST_DUE_UNSECURED_270_TO_300_DAYS,MAX_DAYS_PAST_DUE_UNSECURED_270_TO_300_DAYS,Numerical,BUREAU
301,RATIO_NUM_DEBIT_TXNS_GREATERTHAN_10000_LAST30D_VS_120TO150D_SMS_BANKING,RATIO_NUM_DEBIT_TXNS_GREATERTHAN_10000_LAST30D_VS_120TO150D,Numerical,SMS
302,MAX_DAYS_PAST_DUE_ACTIVE_UNSECURED_300_TO_330_DAYS,MAX_DAYS_PAST_DUE_ACTIVE_UNSECURED_300_TO_330_DAYS,Numerical,BUREAU
303,TIMES_DPD_GT_30_LAST_510_DAYS,TIMES_DPD_GT_30_LAST_510_DAYS,Numerical,BUREAU
304,BUREAUSCORE_MIN,BUREAUSCORE_MIN,Numerical,LOCATION
305,TOTAL_CURRENT_BALANCE_UNSECURED,TOTAL_CURRENT_BALANCE_UNSECURED,Numerical,BUREAU
306,MIN_CREDIT_RECOVERED_30TO60D,MIN_CREDIT_RECOVERED_30TO60D,Numerical,Transaction
307,MAX_CURRENT_BALANCE_UNSECURED,MAX_CURRENT_BALANCE_UNSECURED,Numerical,BUREAU
308,NUM_AVAILABLE_BALANCE_150TO180D_SMS_BANKING,NUM_AVAILABLE_BALANCE_150DTO180D,Numerical,SMS
309,RATIO_AVG_DEBIT_TXNS_AVG_CREDIT_TXNS_30TO60D_SMS_BANKING,RATIO_AVG_DEBIT_TXNS_AVG_CREDIT_TXNS_30TO60D,Numerical,SMS
310,TOTAL_REPAYMENT_TENURE_UNSECURED_AND_CLOSED,TOTAL_REPAYMENT_TENURE_UNSECURED_AND_CLOSED,Numerical,BUREAU
311,TOTAL_HIGHEST_CREDIT_OR_ORIGINAL_LOAN_AMOUNT_UNSECURED_AND_ACTIVE_P10,TOTAL_HIGHEST_CREDIT_OR_ORIGINAL_LOAN_AMOUNT_UNSECURED_AND_ACTIVE_P10,Numerical,LOCATION
312,RATIO_CREDIT_RECOVERED_61TO90_LAST30D_CREDIT_RECOVERED_61TO90_120TO150D,RATIO_CREDIT_RECOVERED_61TO90_LAST30D_CREDIT_RECOVERED_61TO90_120TO150D,Numerical,Transaction
313,MIN_DPD_150_180_D,MIN_DPD_150_180_D,Numerical,PERFORMANCE
314,NUM_PAYOUTCREATED_121_TO_150_D,NUM_PAYOUTCREATED_121_TO_150_D,Numerical,ACTIVITY
315,TOTAL_CURRENT_BALANCE,CURRENT_BALANCE_SUM,Numerical,BUREAU
316,NUM_MAINBILLSCLICK_121_TO_150_D,NUM_MAINBILLSCLICK_121_TO_150_D,Numerical,ACTIVITY
317,AVG_OVERDUE_AMOUNT_120TO150D,AVG_OVERDUE_AMOUNT_120TO150D,Numerical,SMS
318,TOTAL_HIGHEST_CREDIT_OR_ORIGINAL_LOAN_AMOUNT_UNSECURED_AND_ACTIVE_P95,TOTAL_HIGHEST_CREDIT_OR_ORIGINAL_LOAN_AMOUNT_UNSECURED_AND_ACTIVE_P95,Numerical,LOCATION
319,TOTAL_HIGHEST_CREDIT_OR_ORIGINAL_LOAN_AMOUNT_UNSECURED_AND_ACTIVE_AVG,TOTAL_HIGHEST_CREDIT_OR_ORIGINAL_LOAN_AMOUNT_UNSECURED_AND_ACTIVE_AVG,Numerical,LOCATION
320,NUM_SMS_30D_SMS_BANKING,NUM_SMS_30D,Numerical,SMS
321,MAX_HIGHEST_CREDIT_OR_ORIGINAL_LOAN_AMOUNT_UNSECURED,MAX_HIGHEST_CREDIT_OR_ORIGINAL_LOAN_AMOUNT_UNSECURED,Numerical,BUREAU
322,TOTAL_DUE_AMOUNT_LAST_30D,TOTAL_DUE_AMOUNT_LAST_30D,Numerical,SMS
323,TOTAL_DEBIT_COUNT_ATM_30TO60D_SMS_BANKING,TOTAL_DEBIT_COUNT_ATM_30TO60D,Numerical,SMS
324,NUM_NOCOUNTERPARTYPAYMENTCOMPLETED_121_TO_150_D,NUM_NOCOUNTERPARTYPAYMENTCOMPLETED_121_TO_150_D,Numerical,ACTIVITY
325,AVG_CURRENT_BALANCE_UNSECURED_AND_ACTIVE,AVG_CURRENT_BALANCE_UNSECURED_AND_ACTIVE,Numerical,BUREAU
326,NUM_PAYMENTREMINDERSHAREONSMS_31_TO_60_D,NUM_PAYMENTREMINDERSHAREONSMS_31_TO_60_D,Numerical,ACTIVITY
327,MAX_AVAILABLE_BALANCE_60TO90D_SMS_BANKING,MAX_AVAILABLE_BALANCE_60TO90D,Numerical,SMS
328,RATIO_AVG_DEBIT_TXNS_AVG_CREDIT_TXNS_LAST30D_SMS_BANKING,RATIO_AVG_DEBIT_TXNS_AVG_CREDIT_TXNS_LAST30D,Numerical,SMS
329,DISTINCT_BANKS_WITH_LOAN_APPLIED_60TO90D,DISTINCT_BANKS_WITH_LOAN_APPLIED_60TO90D,Numerical,SMS
330,COUNT_3_DPD_30_45_D,COUNT_3_DPD_30_45_D,Numerical,PERFORMANCE
331,NUM_DEBIT_TXNS_LESSTHAN_100_90TO120D_SMS_BANKING,NUM_DEBIT_TXNS_LESSTHAN_100_90TO120D,Numerical,SMS
332,TENURE_MONTHS,TENURE_MONTHS,Numerical,PERFORMANCE
333,MAX_DAYS_PAST_DUE_SECURED_420_TO_450_DAYS,MAX_DAYS_PAST_DUE_SECURED_420_TO_450_DAYS,Numerical,BUREAU
334,MIN_CURRENT_BALANCE_UNSECURED_AND_ACTIVE,MIN_CURRENT_BALANCE_UNSECURED_AND_ACTIVE,Numerical,BUREAU
335,RATIO_CREDIT_RECOVERED_61TO90_LAST30D_CREDIT_RECOVERED_61TO90_300TO330D,RATIO_CREDIT_RECOVERED_61TO90_LAST30D_CREDIT_RECOVERED_61TO90_300TO330D,Numerical,Transaction
336,NUM_LOAN_APPLICATION_SMS_30TO60D,NUM_LOAN_APPLIED_30TO60D,Numerical,SMS
337,BUREAUSCORE_P50,BUREAUSCORE_P50,Numerical,LOCATION
338,AVG_REPAYMENT_TENURE_UNSECURED_AND_CLOSED_P25,AVG_REPAYMENT_TENURE_UNSECURED_AND_CLOSED_P25,Numerical,LOCATION
339,TOTAL_CURRENT_BALANCE_SECURED,TOTAL_CURRENT_BALANCE_SECURED,Numerical,BUREAU
340,NUM_SMS_60D_SMS_BANKING,NUM_SMS_60D,Numerical,SMS
341,NUM_CUSTOMERKHATAONGOTCLICKED_91_TO_120_D,NUM_CUSTOMERKHATAONGOTCLICKED_91_TO_120_D,Numerical,ACTIVITY
342,SECURED_ACCOUNT_OPENED_IN_LAST_360_DAYS_WITH_AMOUNT_LT_100000_P90,SECURED_ACCOUNT_OPENED_IN_LAST_360_DAYS_WITH_AMOUNT_LT_100000_P90,Numerical,LOCATION
343,MAX_DAYS_PAST_DUE_CLOSED_330_TO_360_DAYS,MAX_DAYS_PAST_DUE_CLOSED_330_TO_360_DAYS,Numerical,BUREAU
344,RATIO_AVG_AVAILABLE_BALANCE_LAST30D_VS_30TO60D_SMS_BANKING,RATIO_AVG_AVAILABLE_BALANCE_LAST30D_VS_30TO60D,Numerical,SMS
345,RATIO_OF_MAX_OVERDUE_AMOUNT_LAST_30D_TO_150TO180D,RATIO_MAX_OVERDUE_AMOUNT_LAST_30D_TO_150TO180D,Numerical,SMS
346,NUM_DEBIT_TXNS_LAST30D_CC_SMS_BANKING,NUM_CREDIT_CARD_DEBIT_TXNS_LAST30D,Numerical,SMS
347,TOTAL_HIGHEST_CREDIT_OR_ORIGINAL_LOAN_AMOUNT_UNSECURED_AND_CLOSED,TOTAL_HIGHEST_CREDIT_OR_ORIGINAL_LOAN_AMOUNT_UNSECURED_AND_CLOSED,Numerical,BUREAU
348,COUNT_6_DPD_120_150_D,COUNT_6_DPD_120_150_D,Numerical,PERFORMANCE
349,MAX_DAYS_PAST_DUE_CLOSED_450_TO_480_DAYS,MAX_DAYS_PAST_DUE_CLOSED_450_TO_480_DAYS,Numerical,BUREAU
350,RATIO_CREDIT_PAIDBACK_LAST30D_CREDIT_PAIDBACK_LIFETIME,RATIO_CREDIT_PAIDBACK_LAST30D_CREDIT_PAIDBACK_LIFETIME,Numerical,Transaction
351,MIN_HIGHEST_CREDIT_OR_ORIGINAL_LOAN_AMOUNT,MIN_HIGHEST_CREDIT_OR_ORIGINAL_LOAN_AMOUNT,Numerical,BUREAU
352,RATIO_NUM_CREDIT_TXNS_100_TO_500_LAST30D_VS_30TO60D_CC_SMS_BANKING,RATIO_CREDIT_CARD_NUM_CREDIT_TXNS_100_TO_500_LAST30D_VS_30TO60D,Numerical,SMS
353,NUM_LOAN_REJECTION_SMS_90TO120D,NUM_LOAN_REJECTION_90TO120D,Numerical,SMS
354,TOTAL_HIGHEST_CREDIT_OR_ORIGINAL_LOAN_AMOUNT_SECURED_AND_ACTIVE,TOTAL_HIGHEST_CREDIT_OR_ORIGINAL_LOAN_AMOUNT_SECURED_AND_ACTIVE,Numerical,BUREAU
355,AVG_REPAYMENT_TENURE_UNSECURED_AVG,AVG_REPAYMENT_TENURE_UNSECURED_AVG,Numerical,LOCATION
356,MAX_CURRENT_BALANCE_ACTIVE,MAX_CURRENT_BALANCE_ACTIVE,Numerical,BUREAU
357,TIMES_DPD_GT_30_LAST_570_DAYS_MAX,TIMES_DPD_GT_30_LAST_570_DAYS_MAX,Numerical,LOCATION
358,RATIO_NUM_DEBIT_TXNS_NUM_CREDIT_TXNS_120TO150D_SMS_BANKING,RATIO_NUM_DEBIT_TXNS_NUM_CREDIT_TXNS_120TO150D,Numerical,SMS
359,TOTAL_LOAN_REPAYMENT_AMOUNT_90TO120D,TOTAL_LOAN_REPAYMENT_AMOUNT_90TO120D,Numerical,SMS
360,NUM_MIN_BALANCE_BREACH_180D_SMS_BANKING,NUM_MIN_BALANCE_BREACH_180D,Numerical,SMS